{"cameraMode":{"drawMode":0,"name":"Shaded","section":"Shading Mode"},"sceneLighting":true,"audioPlay":false,"sceneViewState":{"m_AlwaysRefresh":false,"showFog":true,"showSkybox":true,"showFlares":true,"showImageEffects":true,"showParticleSystems":true,"showVisualEffectGraphs":true,"m_FxEnabled":true},"in2DMode":false,"pivot":{"x":2.5268313884735109,"y":0.04147766903042793,"z":-9.751303672790528},"rotation":{"x":0.4142223596572876,"y":-0.1946268081665039,"z":0.09112374484539032,"w":0.8844363689422607},"size":24.258644104003908,"orthographic":false}